{
  "version": 1,
  "author": "HIMANSHU SINGH",
  "editor": "wokwi",
  "parts": [
    { "type": "wokwi-arduino-uno", "id": "uno", "top": 77.4, "left": 37.8, "attrs": {} },
    {
      "type": "wokwi-lcd1602",
      "id": "lcd1",
      "top": -80,
      "left": 15.2,
      "attrs": { "pins": "i2c" }
    }
  ],
  "connections": [
    [ "lcd1:GND", "uno:GND.1", "black", [ "h-57.6", "v115.2", "h192" ] ],
    [ "lcd1:VCC", "uno:5V", "red", [ "h-86.4", "v326.5", "h268.8" ] ],
    [ "lcd1:SDA", "uno:A4", "green", [ "h-76.8", "v317", "h345.6" ] ],
    [ "lcd1:SCL", "uno:A5", "green", [ "h-115.2", "v317.1", "h393.6" ] ]
  ],
  "dependencies": {}
}