{
  "version": 1,
  "author": "HIMANSHU SINGH",
  "editor": "wokwi",
  "parts": [
    { "type": "wokwi-arduino-uno", "id": "uno", "top": 0, "left": 0, "attrs": {} },
    { "type": "wokwi-led", "id": "led1", "top": -70.8, "left": 51.8, "attrs": { "color": "red" } },
    { "type": "wokwi-potentiometer", "id": "pot1", "top": 133.1, "left": 297.4, "attrs": {} }
  ],
  "connections": [
    [ "led1:A", "uno:13", "green", [ "v0", "h48" ] ],
    [ "led1:C", "uno:GND.1", "green", [ "v19.2", "h48.4" ] ],
    [ "pot1:GND", "uno:GND.3", "black", [ "v28.8", "h-144" ] ],
    [ "pot1:VCC", "uno:5V", "red", [ "v67.2", "h-0.8" ] ],
    [ "pot1:SIG", "uno:A0", "green", [ "v48", "h-134.8" ] ]
  ],
  "dependencies": {}
}